,Title,Entry Terms,All MeSH Categories
0,Behavioral Symptoms,"['Behavioral Symptom', 'Symptom, Behavioral', 'Symptoms, Behavioral']",Psychiatry and Psychology Category
0,Behavioral Symptoms,"['Behavioral Symptom', 'Symptom, Behavioral', 'Symptoms, Behavioral']",Behavior and Behavior Mechanisms
0,Behavioral Symptoms,"['Behavioral Symptom', 'Symptom, Behavioral', 'Symptoms, Behavioral']",Behavior
0,Behavioral Symptoms,"['Behavioral Symptom', 'Symptom, Behavioral', 'Symptoms, Behavioral']",Behavioral Symptoms
0,Behavioral Symptoms,"['Behavioral Symptom', 'Symptom, Behavioral', 'Symptoms, Behavioral']",Aberrant Motor Behavior in Dementia
0,Behavioral Symptoms,"['Behavioral Symptom', 'Symptom, Behavioral', 'Symptoms, Behavioral']",Aggression
0,Behavioral Symptoms,"['Behavioral Symptom', 'Symptom, Behavioral', 'Symptoms, Behavioral']",Psychomotor Agitation
0,Behavioral Symptoms,"['Behavioral Symptom', 'Symptom, Behavioral', 'Symptoms, Behavioral']",Wandering Behavior
0,Behavioral Symptoms,"['Behavioral Symptom', 'Symptom, Behavioral', 'Symptoms, Behavioral']",Affective Symptoms
0,Behavioral Symptoms,"['Behavioral Symptom', 'Symptom, Behavioral', 'Symptoms, Behavioral']",Agonistic Behavior
0,Behavioral Symptoms,"['Behavioral Symptom', 'Symptom, Behavioral', 'Symptoms, Behavioral']",Bullying +
0,Behavioral Symptoms,"['Behavioral Symptom', 'Symptom, Behavioral', 'Symptoms, Behavioral']",Catatonia
0,Behavioral Symptoms,"['Behavioral Symptom', 'Symptom, Behavioral', 'Symptoms, Behavioral']",Child Reactive Disorders
0,Behavioral Symptoms,"['Behavioral Symptom', 'Symptom, Behavioral', 'Symptoms, Behavioral']",Delusions
0,Behavioral Symptoms,"['Behavioral Symptom', 'Symptom, Behavioral', 'Symptoms, Behavioral']",Depersonalization
0,Behavioral Symptoms,"['Behavioral Symptom', 'Symptom, Behavioral', 'Symptoms, Behavioral']",Depression
0,Behavioral Symptoms,"['Behavioral Symptom', 'Symptom, Behavioral', 'Symptoms, Behavioral']",Encopresis
0,Behavioral Symptoms,"['Behavioral Symptom', 'Symptom, Behavioral', 'Symptoms, Behavioral']",Enuresis
0,Behavioral Symptoms,"['Behavioral Symptom', 'Symptom, Behavioral', 'Symptoms, Behavioral']",Diurnal Enuresis
0,Behavioral Symptoms,"['Behavioral Symptom', 'Symptom, Behavioral', 'Symptoms, Behavioral']",Nocturnal Enuresis
0,Behavioral Symptoms,"['Behavioral Symptom', 'Symptom, Behavioral', 'Symptoms, Behavioral']","Hearing Loss, Functional"
0,Behavioral Symptoms,"['Behavioral Symptom', 'Symptom, Behavioral', 'Symptoms, Behavioral']",Human Coprophagia
0,Behavioral Symptoms,"['Behavioral Symptom', 'Symptom, Behavioral', 'Symptoms, Behavioral']",Malingering
0,Behavioral Symptoms,"['Behavioral Symptom', 'Symptom, Behavioral', 'Symptoms, Behavioral']",Mental Fatigue
0,Behavioral Symptoms,"['Behavioral Symptom', 'Symptom, Behavioral', 'Symptoms, Behavioral']","Alert Fatigue, Health Personnel"
0,Behavioral Symptoms,"['Behavioral Symptom', 'Symptom, Behavioral', 'Symptoms, Behavioral']",Compassion Fatigue
0,Behavioral Symptoms,"['Behavioral Symptom', 'Symptom, Behavioral', 'Symptoms, Behavioral']",Obsessive Behavior
0,Behavioral Symptoms,"['Behavioral Symptom', 'Symptom, Behavioral', 'Symptoms, Behavioral']",Stalking
0,Behavioral Symptoms,"['Behavioral Symptom', 'Symptom, Behavioral', 'Symptoms, Behavioral']",Paranoid Behavior
0,Behavioral Symptoms,"['Behavioral Symptom', 'Symptom, Behavioral', 'Symptoms, Behavioral']","Polydipsia, Psychogenic"
0,Behavioral Symptoms,"['Behavioral Symptom', 'Symptom, Behavioral', 'Symptoms, Behavioral']",Problem Behavior
0,Behavioral Symptoms,"['Behavioral Symptom', 'Symptom, Behavioral', 'Symptoms, Behavioral']",Schizophrenic Language
0,Behavioral Symptoms,"['Behavioral Symptom', 'Symptom, Behavioral', 'Symptoms, Behavioral']",Self-Injurious Behavior
0,Behavioral Symptoms,"['Behavioral Symptom', 'Symptom, Behavioral', 'Symptoms, Behavioral']",Excoriation Disorder
0,Behavioral Symptoms,"['Behavioral Symptom', 'Symptom, Behavioral', 'Symptoms, Behavioral']",Self Mutilation
0,Behavioral Symptoms,"['Behavioral Symptom', 'Symptom, Behavioral', 'Symptoms, Behavioral']",Suicide +
0,Behavioral Symptoms,"['Behavioral Symptom', 'Symptom, Behavioral', 'Symptoms, Behavioral']","Stress, Psychological"
0,Behavioral Symptoms,"['Behavioral Symptom', 'Symptom, Behavioral', 'Symptoms, Behavioral']","Burnout, Psychological +"
0,Behavioral Symptoms,"['Behavioral Symptom', 'Symptom, Behavioral', 'Symptoms, Behavioral']",Caregiver Burden
0,Behavioral Symptoms,"['Behavioral Symptom', 'Symptom, Behavioral', 'Symptoms, Behavioral']",Emotional Exhaustion
0,Behavioral Symptoms,"['Behavioral Symptom', 'Symptom, Behavioral', 'Symptoms, Behavioral']",Financial Stress
0,Behavioral Symptoms,"['Behavioral Symptom', 'Symptom, Behavioral', 'Symptoms, Behavioral']",Occupational Stress +
0,Behavioral Symptoms,"['Behavioral Symptom', 'Symptom, Behavioral', 'Symptoms, Behavioral']",Subjective Stress
0,Behavioral Symptoms,"['Behavioral Symptom', 'Symptom, Behavioral', 'Symptoms, Behavioral']",Time Pressure
1,Neurobehavioral Manifestations,"['Manifestation, Neurobehavioral', 'Manifestations, Neurobehavioral', 'Neurobehavioral Manifestation', 'Cognitive Symptoms', 'Cognitive Symptom', 'Symptom, Cognitive', 'Symptoms, Cognitive', 'Signs and Symptoms, Neurobehavioral', 'Cognitive Manifestations', 'Cognitive Manifestation', 'Manifestation, Cognitive', 'Manifestations, Cognitive', 'Neurobehavioral Signs and Symptoms']",Diseases Category
1,Neurobehavioral Manifestations,"['Manifestation, Neurobehavioral', 'Manifestations, Neurobehavioral', 'Neurobehavioral Manifestation', 'Cognitive Symptoms', 'Cognitive Symptom', 'Symptom, Cognitive', 'Symptoms, Cognitive', 'Signs and Symptoms, Neurobehavioral', 'Cognitive Manifestations', 'Cognitive Manifestation', 'Manifestation, Cognitive', 'Manifestations, Cognitive', 'Neurobehavioral Signs and Symptoms']",Nervous System Diseases
1,Neurobehavioral Manifestations,"['Manifestation, Neurobehavioral', 'Manifestations, Neurobehavioral', 'Neurobehavioral Manifestation', 'Cognitive Symptoms', 'Cognitive Symptom', 'Symptom, Cognitive', 'Symptoms, Cognitive', 'Signs and Symptoms, Neurobehavioral', 'Cognitive Manifestations', 'Cognitive Manifestation', 'Manifestation, Cognitive', 'Manifestations, Cognitive', 'Neurobehavioral Signs and Symptoms']",Neurologic Manifestations
1,Neurobehavioral Manifestations,"['Manifestation, Neurobehavioral', 'Manifestations, Neurobehavioral', 'Neurobehavioral Manifestation', 'Cognitive Symptoms', 'Cognitive Symptom', 'Symptom, Cognitive', 'Symptoms, Cognitive', 'Signs and Symptoms, Neurobehavioral', 'Cognitive Manifestations', 'Cognitive Manifestation', 'Manifestation, Cognitive', 'Manifestations, Cognitive', 'Neurobehavioral Signs and Symptoms']",Neurobehavioral Manifestations
1,Neurobehavioral Manifestations,"['Manifestation, Neurobehavioral', 'Manifestations, Neurobehavioral', 'Neurobehavioral Manifestation', 'Cognitive Symptoms', 'Cognitive Symptom', 'Symptom, Cognitive', 'Symptoms, Cognitive', 'Signs and Symptoms, Neurobehavioral', 'Cognitive Manifestations', 'Cognitive Manifestation', 'Manifestation, Cognitive', 'Manifestations, Cognitive', 'Neurobehavioral Signs and Symptoms']",Anhedonia
1,Neurobehavioral Manifestations,"['Manifestation, Neurobehavioral', 'Manifestations, Neurobehavioral', 'Neurobehavioral Manifestation', 'Cognitive Symptoms', 'Cognitive Symptom', 'Symptom, Cognitive', 'Symptoms, Cognitive', 'Signs and Symptoms, Neurobehavioral', 'Cognitive Manifestations', 'Cognitive Manifestation', 'Manifestation, Cognitive', 'Manifestations, Cognitive', 'Neurobehavioral Signs and Symptoms']",Communication Disorders
1,Neurobehavioral Manifestations,"['Manifestation, Neurobehavioral', 'Manifestations, Neurobehavioral', 'Neurobehavioral Manifestation', 'Cognitive Symptoms', 'Cognitive Symptom', 'Symptom, Cognitive', 'Symptoms, Cognitive', 'Signs and Symptoms, Neurobehavioral', 'Cognitive Manifestations', 'Cognitive Manifestation', 'Manifestation, Cognitive', 'Manifestations, Cognitive', 'Neurobehavioral Signs and Symptoms']",Language Disorders +
1,Neurobehavioral Manifestations,"['Manifestation, Neurobehavioral', 'Manifestations, Neurobehavioral', 'Neurobehavioral Manifestation', 'Cognitive Symptoms', 'Cognitive Symptom', 'Symptom, Cognitive', 'Symptoms, Cognitive', 'Signs and Symptoms, Neurobehavioral', 'Cognitive Manifestations', 'Cognitive Manifestation', 'Manifestation, Cognitive', 'Manifestations, Cognitive', 'Neurobehavioral Signs and Symptoms']",Learning Disabilities +
1,Neurobehavioral Manifestations,"['Manifestation, Neurobehavioral', 'Manifestations, Neurobehavioral', 'Neurobehavioral Manifestation', 'Cognitive Symptoms', 'Cognitive Symptom', 'Symptom, Cognitive', 'Symptoms, Cognitive', 'Signs and Symptoms, Neurobehavioral', 'Cognitive Manifestations', 'Cognitive Manifestation', 'Manifestation, Cognitive', 'Manifestations, Cognitive', 'Neurobehavioral Signs and Symptoms']",Confusion
1,Neurobehavioral Manifestations,"['Manifestation, Neurobehavioral', 'Manifestations, Neurobehavioral', 'Neurobehavioral Manifestation', 'Cognitive Symptoms', 'Cognitive Symptom', 'Symptom, Cognitive', 'Symptoms, Cognitive', 'Signs and Symptoms, Neurobehavioral', 'Cognitive Manifestations', 'Cognitive Manifestation', 'Manifestation, Cognitive', 'Manifestations, Cognitive', 'Neurobehavioral Signs and Symptoms']",Delirium +
1,Neurobehavioral Manifestations,"['Manifestation, Neurobehavioral', 'Manifestations, Neurobehavioral', 'Neurobehavioral Manifestation', 'Cognitive Symptoms', 'Cognitive Symptom', 'Symptom, Cognitive', 'Symptoms, Cognitive', 'Signs and Symptoms, Neurobehavioral', 'Cognitive Manifestations', 'Cognitive Manifestation', 'Manifestation, Cognitive', 'Manifestations, Cognitive', 'Neurobehavioral Signs and Symptoms']",Consciousness Disorders
1,Neurobehavioral Manifestations,"['Manifestation, Neurobehavioral', 'Manifestations, Neurobehavioral', 'Neurobehavioral Manifestation', 'Cognitive Symptoms', 'Cognitive Symptom', 'Symptom, Cognitive', 'Symptoms, Cognitive', 'Signs and Symptoms, Neurobehavioral', 'Cognitive Manifestations', 'Cognitive Manifestation', 'Manifestation, Cognitive', 'Manifestations, Cognitive', 'Neurobehavioral Signs and Symptoms']",Unconsciousness +
1,Neurobehavioral Manifestations,"['Manifestation, Neurobehavioral', 'Manifestations, Neurobehavioral', 'Neurobehavioral Manifestation', 'Cognitive Symptoms', 'Cognitive Symptom', 'Symptom, Cognitive', 'Symptoms, Cognitive', 'Signs and Symptoms, Neurobehavioral', 'Cognitive Manifestations', 'Cognitive Manifestation', 'Manifestation, Cognitive', 'Manifestations, Cognitive', 'Neurobehavioral Signs and Symptoms']",Intellectual Disability
1,Neurobehavioral Manifestations,"['Manifestation, Neurobehavioral', 'Manifestations, Neurobehavioral', 'Neurobehavioral Manifestation', 'Cognitive Symptoms', 'Cognitive Symptom', 'Symptom, Cognitive', 'Symptoms, Cognitive', 'Signs and Symptoms, Neurobehavioral', 'Cognitive Manifestations', 'Cognitive Manifestation', 'Manifestation, Cognitive', 'Manifestations, Cognitive', 'Neurobehavioral Signs and Symptoms']",Cri-du-Chat Syndrome
1,Neurobehavioral Manifestations,"['Manifestation, Neurobehavioral', 'Manifestations, Neurobehavioral', 'Neurobehavioral Manifestation', 'Cognitive Symptoms', 'Cognitive Symptom', 'Symptom, Cognitive', 'Symptoms, Cognitive', 'Signs and Symptoms, Neurobehavioral', 'Cognitive Manifestations', 'Cognitive Manifestation', 'Manifestation, Cognitive', 'Manifestations, Cognitive', 'Neurobehavioral Signs and Symptoms']",De Lange Syndrome
1,Neurobehavioral Manifestations,"['Manifestation, Neurobehavioral', 'Manifestations, Neurobehavioral', 'Neurobehavioral Manifestation', 'Cognitive Symptoms', 'Cognitive Symptom', 'Symptom, Cognitive', 'Symptoms, Cognitive', 'Signs and Symptoms, Neurobehavioral', 'Cognitive Manifestations', 'Cognitive Manifestation', 'Manifestation, Cognitive', 'Manifestations, Cognitive', 'Neurobehavioral Signs and Symptoms']",Down Syndrome
1,Neurobehavioral Manifestations,"['Manifestation, Neurobehavioral', 'Manifestations, Neurobehavioral', 'Neurobehavioral Manifestation', 'Cognitive Symptoms', 'Cognitive Symptom', 'Symptom, Cognitive', 'Symptoms, Cognitive', 'Signs and Symptoms, Neurobehavioral', 'Cognitive Manifestations', 'Cognitive Manifestation', 'Manifestation, Cognitive', 'Manifestations, Cognitive', 'Neurobehavioral Signs and Symptoms']","Mental Retardation, X-Linked +"
1,Neurobehavioral Manifestations,"['Manifestation, Neurobehavioral', 'Manifestations, Neurobehavioral', 'Neurobehavioral Manifestation', 'Cognitive Symptoms', 'Cognitive Symptom', 'Symptom, Cognitive', 'Symptoms, Cognitive', 'Signs and Symptoms, Neurobehavioral', 'Cognitive Manifestations', 'Cognitive Manifestation', 'Manifestation, Cognitive', 'Manifestations, Cognitive', 'Neurobehavioral Signs and Symptoms']",Prader-Willi Syndrome
1,Neurobehavioral Manifestations,"['Manifestation, Neurobehavioral', 'Manifestations, Neurobehavioral', 'Neurobehavioral Manifestation', 'Cognitive Symptoms', 'Cognitive Symptom', 'Symptom, Cognitive', 'Symptoms, Cognitive', 'Signs and Symptoms, Neurobehavioral', 'Cognitive Manifestations', 'Cognitive Manifestation', 'Manifestation, Cognitive', 'Manifestations, Cognitive', 'Neurobehavioral Signs and Symptoms']",Rubinstein-Taybi Syndrome
1,Neurobehavioral Manifestations,"['Manifestation, Neurobehavioral', 'Manifestations, Neurobehavioral', 'Neurobehavioral Manifestation', 'Cognitive Symptoms', 'Cognitive Symptom', 'Symptom, Cognitive', 'Symptoms, Cognitive', 'Signs and Symptoms, Neurobehavioral', 'Cognitive Manifestations', 'Cognitive Manifestation', 'Manifestation, Cognitive', 'Manifestations, Cognitive', 'Neurobehavioral Signs and Symptoms']",Trisomy 13 Syndrome
1,Neurobehavioral Manifestations,"['Manifestation, Neurobehavioral', 'Manifestations, Neurobehavioral', 'Neurobehavioral Manifestation', 'Cognitive Symptoms', 'Cognitive Symptom', 'Symptom, Cognitive', 'Symptoms, Cognitive', 'Signs and Symptoms, Neurobehavioral', 'Cognitive Manifestations', 'Cognitive Manifestation', 'Manifestation, Cognitive', 'Manifestations, Cognitive', 'Neurobehavioral Signs and Symptoms']",WAGR Syndrome
1,Neurobehavioral Manifestations,"['Manifestation, Neurobehavioral', 'Manifestations, Neurobehavioral', 'Neurobehavioral Manifestation', 'Cognitive Symptoms', 'Cognitive Symptom', 'Symptom, Cognitive', 'Symptoms, Cognitive', 'Signs and Symptoms, Neurobehavioral', 'Cognitive Manifestations', 'Cognitive Manifestation', 'Manifestation, Cognitive', 'Manifestations, Cognitive', 'Neurobehavioral Signs and Symptoms']",Williams Syndrome
1,Neurobehavioral Manifestations,"['Manifestation, Neurobehavioral', 'Manifestations, Neurobehavioral', 'Neurobehavioral Manifestation', 'Cognitive Symptoms', 'Cognitive Symptom', 'Symptom, Cognitive', 'Symptoms, Cognitive', 'Signs and Symptoms, Neurobehavioral', 'Cognitive Manifestations', 'Cognitive Manifestation', 'Manifestation, Cognitive', 'Manifestations, Cognitive', 'Neurobehavioral Signs and Symptoms']",Lethargy
1,Neurobehavioral Manifestations,"['Manifestation, Neurobehavioral', 'Manifestations, Neurobehavioral', 'Neurobehavioral Manifestation', 'Cognitive Symptoms', 'Cognitive Symptom', 'Symptom, Cognitive', 'Symptoms, Cognitive', 'Signs and Symptoms, Neurobehavioral', 'Cognitive Manifestations', 'Cognitive Manifestation', 'Manifestation, Cognitive', 'Manifestations, Cognitive', 'Neurobehavioral Signs and Symptoms']",Mania
1,Neurobehavioral Manifestations,"['Manifestation, Neurobehavioral', 'Manifestations, Neurobehavioral', 'Neurobehavioral Manifestation', 'Cognitive Symptoms', 'Cognitive Symptom', 'Symptom, Cognitive', 'Symptoms, Cognitive', 'Signs and Symptoms, Neurobehavioral', 'Cognitive Manifestations', 'Cognitive Manifestation', 'Manifestation, Cognitive', 'Manifestations, Cognitive', 'Neurobehavioral Signs and Symptoms']",Memory Disorders
1,Neurobehavioral Manifestations,"['Manifestation, Neurobehavioral', 'Manifestations, Neurobehavioral', 'Neurobehavioral Manifestation', 'Cognitive Symptoms', 'Cognitive Symptom', 'Symptom, Cognitive', 'Symptoms, Cognitive', 'Signs and Symptoms, Neurobehavioral', 'Cognitive Manifestations', 'Cognitive Manifestation', 'Manifestation, Cognitive', 'Manifestations, Cognitive', 'Neurobehavioral Signs and Symptoms']",Amnesia +
1,Neurobehavioral Manifestations,"['Manifestation, Neurobehavioral', 'Manifestations, Neurobehavioral', 'Neurobehavioral Manifestation', 'Cognitive Symptoms', 'Cognitive Symptom', 'Symptom, Cognitive', 'Symptoms, Cognitive', 'Signs and Symptoms, Neurobehavioral', 'Cognitive Manifestations', 'Cognitive Manifestation', 'Manifestation, Cognitive', 'Manifestations, Cognitive', 'Neurobehavioral Signs and Symptoms']",Korsakoff Syndrome +
1,Neurobehavioral Manifestations,"['Manifestation, Neurobehavioral', 'Manifestations, Neurobehavioral', 'Neurobehavioral Manifestation', 'Cognitive Symptoms', 'Cognitive Symptom', 'Symptom, Cognitive', 'Symptoms, Cognitive', 'Signs and Symptoms, Neurobehavioral', 'Cognitive Manifestations', 'Cognitive Manifestation', 'Manifestation, Cognitive', 'Manifestations, Cognitive', 'Neurobehavioral Signs and Symptoms']",Perceptual Disorders
1,Neurobehavioral Manifestations,"['Manifestation, Neurobehavioral', 'Manifestations, Neurobehavioral', 'Neurobehavioral Manifestation', 'Cognitive Symptoms', 'Cognitive Symptom', 'Symptom, Cognitive', 'Symptoms, Cognitive', 'Signs and Symptoms, Neurobehavioral', 'Cognitive Manifestations', 'Cognitive Manifestation', 'Manifestation, Cognitive', 'Manifestations, Cognitive', 'Neurobehavioral Signs and Symptoms']",Agnosia +
1,Neurobehavioral Manifestations,"['Manifestation, Neurobehavioral', 'Manifestations, Neurobehavioral', 'Neurobehavioral Manifestation', 'Cognitive Symptoms', 'Cognitive Symptom', 'Symptom, Cognitive', 'Symptoms, Cognitive', 'Signs and Symptoms, Neurobehavioral', 'Cognitive Manifestations', 'Cognitive Manifestation', 'Manifestation, Cognitive', 'Manifestations, Cognitive', 'Neurobehavioral Signs and Symptoms']",Alice in Wonderland Syndrome
1,Neurobehavioral Manifestations,"['Manifestation, Neurobehavioral', 'Manifestations, Neurobehavioral', 'Neurobehavioral Manifestation', 'Cognitive Symptoms', 'Cognitive Symptom', 'Symptom, Cognitive', 'Symptoms, Cognitive', 'Signs and Symptoms, Neurobehavioral', 'Cognitive Manifestations', 'Cognitive Manifestation', 'Manifestation, Cognitive', 'Manifestations, Cognitive', 'Neurobehavioral Signs and Symptoms']",Allesthesia
1,Neurobehavioral Manifestations,"['Manifestation, Neurobehavioral', 'Manifestations, Neurobehavioral', 'Neurobehavioral Manifestation', 'Cognitive Symptoms', 'Cognitive Symptom', 'Symptom, Cognitive', 'Symptoms, Cognitive', 'Signs and Symptoms, Neurobehavioral', 'Cognitive Manifestations', 'Cognitive Manifestation', 'Manifestation, Cognitive', 'Manifestations, Cognitive', 'Neurobehavioral Signs and Symptoms']",Auditory Perceptual Disorders
1,Neurobehavioral Manifestations,"['Manifestation, Neurobehavioral', 'Manifestations, Neurobehavioral', 'Neurobehavioral Manifestation', 'Cognitive Symptoms', 'Cognitive Symptom', 'Symptom, Cognitive', 'Symptoms, Cognitive', 'Signs and Symptoms, Neurobehavioral', 'Cognitive Manifestations', 'Cognitive Manifestation', 'Manifestation, Cognitive', 'Manifestations, Cognitive', 'Neurobehavioral Signs and Symptoms']",Hallucinations +
1,Neurobehavioral Manifestations,"['Manifestation, Neurobehavioral', 'Manifestations, Neurobehavioral', 'Neurobehavioral Manifestation', 'Cognitive Symptoms', 'Cognitive Symptom', 'Symptom, Cognitive', 'Symptoms, Cognitive', 'Signs and Symptoms, Neurobehavioral', 'Cognitive Manifestations', 'Cognitive Manifestation', 'Manifestation, Cognitive', 'Manifestations, Cognitive', 'Neurobehavioral Signs and Symptoms']",Illusions
1,Neurobehavioral Manifestations,"['Manifestation, Neurobehavioral', 'Manifestations, Neurobehavioral', 'Neurobehavioral Manifestation', 'Cognitive Symptoms', 'Cognitive Symptom', 'Symptom, Cognitive', 'Symptoms, Cognitive', 'Signs and Symptoms, Neurobehavioral', 'Cognitive Manifestations', 'Cognitive Manifestation', 'Manifestation, Cognitive', 'Manifestations, Cognitive', 'Neurobehavioral Signs and Symptoms']",Phantom Limb
1,Neurobehavioral Manifestations,"['Manifestation, Neurobehavioral', 'Manifestations, Neurobehavioral', 'Neurobehavioral Manifestation', 'Cognitive Symptoms', 'Cognitive Symptom', 'Symptom, Cognitive', 'Symptoms, Cognitive', 'Signs and Symptoms, Neurobehavioral', 'Cognitive Manifestations', 'Cognitive Manifestation', 'Manifestation, Cognitive', 'Manifestations, Cognitive', 'Neurobehavioral Signs and Symptoms']",Synesthesia
1,Neurobehavioral Manifestations,"['Manifestation, Neurobehavioral', 'Manifestations, Neurobehavioral', 'Neurobehavioral Manifestation', 'Cognitive Symptoms', 'Cognitive Symptom', 'Symptom, Cognitive', 'Symptoms, Cognitive', 'Signs and Symptoms, Neurobehavioral', 'Cognitive Manifestations', 'Cognitive Manifestation', 'Manifestation, Cognitive', 'Manifestations, Cognitive', 'Neurobehavioral Signs and Symptoms']",Psychomotor Disorders
1,Neurobehavioral Manifestations,"['Manifestation, Neurobehavioral', 'Manifestations, Neurobehavioral', 'Neurobehavioral Manifestation', 'Cognitive Symptoms', 'Cognitive Symptom', 'Symptom, Cognitive', 'Symptoms, Cognitive', 'Signs and Symptoms, Neurobehavioral', 'Cognitive Manifestations', 'Cognitive Manifestation', 'Manifestation, Cognitive', 'Manifestations, Cognitive', 'Neurobehavioral Signs and Symptoms']",Apraxias +
2,Mental Disorders,"['Mental Disorder', 'Psychiatric Illness', 'Psychiatric Illnesses', 'Psychiatric Diseases', 'Psychiatric Disease', 'Mental Illness', 'Illness, Mental', 'Mental Illnesses', 'Psychiatric Disorders', 'Psychiatric Disorder', 'Behavior Disorders', 'Diagnosis, Psychiatric', 'Psychiatric Diagnosis', 'Mental Disorders, Severe', 'Mental Disorder, Severe', 'Severe Mental Disorder', 'Severe Mental Disorders']",Mental Disorders
2,Mental Disorders,"['Mental Disorder', 'Psychiatric Illness', 'Psychiatric Illnesses', 'Psychiatric Diseases', 'Psychiatric Disease', 'Mental Illness', 'Illness, Mental', 'Mental Illnesses', 'Psychiatric Disorders', 'Psychiatric Disorder', 'Behavior Disorders', 'Diagnosis, Psychiatric', 'Psychiatric Diagnosis', 'Mental Disorders, Severe', 'Mental Disorder, Severe', 'Severe Mental Disorder', 'Severe Mental Disorders']",Anxiety Disorders
2,Mental Disorders,"['Mental Disorder', 'Psychiatric Illness', 'Psychiatric Illnesses', 'Psychiatric Diseases', 'Psychiatric Disease', 'Mental Illness', 'Illness, Mental', 'Mental Illnesses', 'Psychiatric Disorders', 'Psychiatric Disorder', 'Behavior Disorders', 'Diagnosis, Psychiatric', 'Psychiatric Diagnosis', 'Mental Disorders, Severe', 'Mental Disorder, Severe', 'Severe Mental Disorder', 'Severe Mental Disorders']","Anxiety, Separation"
2,Mental Disorders,"['Mental Disorder', 'Psychiatric Illness', 'Psychiatric Illnesses', 'Psychiatric Diseases', 'Psychiatric Disease', 'Mental Illness', 'Illness, Mental', 'Mental Illnesses', 'Psychiatric Disorders', 'Psychiatric Disorder', 'Behavior Disorders', 'Diagnosis, Psychiatric', 'Psychiatric Diagnosis', 'Mental Disorders, Severe', 'Mental Disorder, Severe', 'Severe Mental Disorder', 'Severe Mental Disorders']",Neurocirculatory Asthenia
2,Mental Disorders,"['Mental Disorder', 'Psychiatric Illness', 'Psychiatric Illnesses', 'Psychiatric Diseases', 'Psychiatric Disease', 'Mental Illness', 'Illness, Mental', 'Mental Illnesses', 'Psychiatric Disorders', 'Psychiatric Disorder', 'Behavior Disorders', 'Diagnosis, Psychiatric', 'Psychiatric Diagnosis', 'Mental Disorders, Severe', 'Mental Disorder, Severe', 'Severe Mental Disorder', 'Severe Mental Disorders']",Neurotic Disorders
2,Mental Disorders,"['Mental Disorder', 'Psychiatric Illness', 'Psychiatric Illnesses', 'Psychiatric Diseases', 'Psychiatric Disease', 'Mental Illness', 'Illness, Mental', 'Mental Illnesses', 'Psychiatric Disorders', 'Psychiatric Disorder', 'Behavior Disorders', 'Diagnosis, Psychiatric', 'Psychiatric Diagnosis', 'Mental Disorders, Severe', 'Mental Disorder, Severe', 'Severe Mental Disorder', 'Severe Mental Disorders']",Obsessive-Compulsive Disorder +
2,Mental Disorders,"['Mental Disorder', 'Psychiatric Illness', 'Psychiatric Illnesses', 'Psychiatric Diseases', 'Psychiatric Disease', 'Mental Illness', 'Illness, Mental', 'Mental Illnesses', 'Psychiatric Disorders', 'Psychiatric Disorder', 'Behavior Disorders', 'Diagnosis, Psychiatric', 'Psychiatric Diagnosis', 'Mental Disorders, Severe', 'Mental Disorder, Severe', 'Severe Mental Disorder', 'Severe Mental Disorders']",Panic Disorder
2,Mental Disorders,"['Mental Disorder', 'Psychiatric Illness', 'Psychiatric Illnesses', 'Psychiatric Diseases', 'Psychiatric Disease', 'Mental Illness', 'Illness, Mental', 'Mental Illnesses', 'Psychiatric Disorders', 'Psychiatric Disorder', 'Behavior Disorders', 'Diagnosis, Psychiatric', 'Psychiatric Diagnosis', 'Mental Disorders, Severe', 'Mental Disorder, Severe', 'Severe Mental Disorder', 'Severe Mental Disorders']",Phobic Disorders +
2,Mental Disorders,"['Mental Disorder', 'Psychiatric Illness', 'Psychiatric Illnesses', 'Psychiatric Diseases', 'Psychiatric Disease', 'Mental Illness', 'Illness, Mental', 'Mental Illnesses', 'Psychiatric Disorders', 'Psychiatric Disorder', 'Behavior Disorders', 'Diagnosis, Psychiatric', 'Psychiatric Diagnosis', 'Mental Disorders, Severe', 'Mental Disorder, Severe', 'Severe Mental Disorder', 'Severe Mental Disorders']","Disruptive, Impulse Control, and Conduct Disorders"
2,Mental Disorders,"['Mental Disorder', 'Psychiatric Illness', 'Psychiatric Illnesses', 'Psychiatric Diseases', 'Psychiatric Disease', 'Mental Illness', 'Illness, Mental', 'Mental Illnesses', 'Psychiatric Disorders', 'Psychiatric Disorder', 'Behavior Disorders', 'Diagnosis, Psychiatric', 'Psychiatric Diagnosis', 'Mental Disorders, Severe', 'Mental Disorder, Severe', 'Severe Mental Disorder', 'Severe Mental Disorders']",Firesetting Behavior
2,Mental Disorders,"['Mental Disorder', 'Psychiatric Illness', 'Psychiatric Illnesses', 'Psychiatric Diseases', 'Psychiatric Disease', 'Mental Illness', 'Illness, Mental', 'Mental Illnesses', 'Psychiatric Disorders', 'Psychiatric Disorder', 'Behavior Disorders', 'Diagnosis, Psychiatric', 'Psychiatric Diagnosis', 'Mental Disorders, Severe', 'Mental Disorder, Severe', 'Severe Mental Disorder', 'Severe Mental Disorders']",Gambling
2,Mental Disorders,"['Mental Disorder', 'Psychiatric Illness', 'Psychiatric Illnesses', 'Psychiatric Diseases', 'Psychiatric Disease', 'Mental Illness', 'Illness, Mental', 'Mental Illnesses', 'Psychiatric Disorders', 'Psychiatric Disorder', 'Behavior Disorders', 'Diagnosis, Psychiatric', 'Psychiatric Diagnosis', 'Mental Disorders, Severe', 'Mental Disorder, Severe', 'Severe Mental Disorder', 'Severe Mental Disorders']",Trichotillomania
2,Mental Disorders,"['Mental Disorder', 'Psychiatric Illness', 'Psychiatric Illnesses', 'Psychiatric Diseases', 'Psychiatric Disease', 'Mental Illness', 'Illness, Mental', 'Mental Illnesses', 'Psychiatric Disorders', 'Psychiatric Disorder', 'Behavior Disorders', 'Diagnosis, Psychiatric', 'Psychiatric Diagnosis', 'Mental Disorders, Severe', 'Mental Disorder, Severe', 'Severe Mental Disorder', 'Severe Mental Disorders']",Dissociative Disorders
2,Mental Disorders,"['Mental Disorder', 'Psychiatric Illness', 'Psychiatric Illnesses', 'Psychiatric Diseases', 'Psychiatric Disease', 'Mental Illness', 'Illness, Mental', 'Mental Illnesses', 'Psychiatric Disorders', 'Psychiatric Disorder', 'Behavior Disorders', 'Diagnosis, Psychiatric', 'Psychiatric Diagnosis', 'Mental Disorders, Severe', 'Mental Disorder, Severe', 'Severe Mental Disorder', 'Severe Mental Disorders']",Dissociative Identity Disorder
2,Mental Disorders,"['Mental Disorder', 'Psychiatric Illness', 'Psychiatric Illnesses', 'Psychiatric Diseases', 'Psychiatric Disease', 'Mental Illness', 'Illness, Mental', 'Mental Illnesses', 'Psychiatric Disorders', 'Psychiatric Disorder', 'Behavior Disorders', 'Diagnosis, Psychiatric', 'Psychiatric Diagnosis', 'Mental Disorders, Severe', 'Mental Disorder, Severe', 'Severe Mental Disorder', 'Severe Mental Disorders']",Elimination Disorders
2,Mental Disorders,"['Mental Disorder', 'Psychiatric Illness', 'Psychiatric Illnesses', 'Psychiatric Diseases', 'Psychiatric Disease', 'Mental Illness', 'Illness, Mental', 'Mental Illnesses', 'Psychiatric Disorders', 'Psychiatric Disorder', 'Behavior Disorders', 'Diagnosis, Psychiatric', 'Psychiatric Diagnosis', 'Mental Disorders, Severe', 'Mental Disorder, Severe', 'Severe Mental Disorder', 'Severe Mental Disorders']",Enuresis +
2,Mental Disorders,"['Mental Disorder', 'Psychiatric Illness', 'Psychiatric Illnesses', 'Psychiatric Diseases', 'Psychiatric Disease', 'Mental Illness', 'Illness, Mental', 'Mental Illnesses', 'Psychiatric Disorders', 'Psychiatric Disorder', 'Behavior Disorders', 'Diagnosis, Psychiatric', 'Psychiatric Diagnosis', 'Mental Disorders, Severe', 'Mental Disorder, Severe', 'Severe Mental Disorder', 'Severe Mental Disorders']",Feeding and Eating Disorders
2,Mental Disorders,"['Mental Disorder', 'Psychiatric Illness', 'Psychiatric Illnesses', 'Psychiatric Diseases', 'Psychiatric Disease', 'Mental Illness', 'Illness, Mental', 'Mental Illnesses', 'Psychiatric Disorders', 'Psychiatric Disorder', 'Behavior Disorders', 'Diagnosis, Psychiatric', 'Psychiatric Diagnosis', 'Mental Disorders, Severe', 'Mental Disorder, Severe', 'Severe Mental Disorder', 'Severe Mental Disorders']",Anorexia Nervosa
2,Mental Disorders,"['Mental Disorder', 'Psychiatric Illness', 'Psychiatric Illnesses', 'Psychiatric Diseases', 'Psychiatric Disease', 'Mental Illness', 'Illness, Mental', 'Mental Illnesses', 'Psychiatric Disorders', 'Psychiatric Disorder', 'Behavior Disorders', 'Diagnosis, Psychiatric', 'Psychiatric Diagnosis', 'Mental Disorders, Severe', 'Mental Disorder, Severe', 'Severe Mental Disorder', 'Severe Mental Disorders']",Avoidant Restrictive Food Intake Disorder
2,Mental Disorders,"['Mental Disorder', 'Psychiatric Illness', 'Psychiatric Illnesses', 'Psychiatric Diseases', 'Psychiatric Disease', 'Mental Illness', 'Illness, Mental', 'Mental Illnesses', 'Psychiatric Disorders', 'Psychiatric Disorder', 'Behavior Disorders', 'Diagnosis, Psychiatric', 'Psychiatric Diagnosis', 'Mental Disorders, Severe', 'Mental Disorder, Severe', 'Severe Mental Disorder', 'Severe Mental Disorders']",Binge-Eating Disorder
2,Mental Disorders,"['Mental Disorder', 'Psychiatric Illness', 'Psychiatric Illnesses', 'Psychiatric Diseases', 'Psychiatric Disease', 'Mental Illness', 'Illness, Mental', 'Mental Illnesses', 'Psychiatric Disorders', 'Psychiatric Disorder', 'Behavior Disorders', 'Diagnosis, Psychiatric', 'Psychiatric Diagnosis', 'Mental Disorders, Severe', 'Mental Disorder, Severe', 'Severe Mental Disorder', 'Severe Mental Disorders']",Bulimia Nervosa
2,Mental Disorders,"['Mental Disorder', 'Psychiatric Illness', 'Psychiatric Illnesses', 'Psychiatric Diseases', 'Psychiatric Disease', 'Mental Illness', 'Illness, Mental', 'Mental Illnesses', 'Psychiatric Disorders', 'Psychiatric Disorder', 'Behavior Disorders', 'Diagnosis, Psychiatric', 'Psychiatric Diagnosis', 'Mental Disorders, Severe', 'Mental Disorder, Severe', 'Severe Mental Disorder', 'Severe Mental Disorders']",Diabulimia
2,Mental Disorders,"['Mental Disorder', 'Psychiatric Illness', 'Psychiatric Illnesses', 'Psychiatric Diseases', 'Psychiatric Disease', 'Mental Illness', 'Illness, Mental', 'Mental Illnesses', 'Psychiatric Disorders', 'Psychiatric Disorder', 'Behavior Disorders', 'Diagnosis, Psychiatric', 'Psychiatric Diagnosis', 'Mental Disorders, Severe', 'Mental Disorder, Severe', 'Severe Mental Disorder', 'Severe Mental Disorders']",Feeding and Eating Disorders of Childhood
2,Mental Disorders,"['Mental Disorder', 'Psychiatric Illness', 'Psychiatric Illnesses', 'Psychiatric Diseases', 'Psychiatric Disease', 'Mental Illness', 'Illness, Mental', 'Mental Illnesses', 'Psychiatric Disorders', 'Psychiatric Disorder', 'Behavior Disorders', 'Diagnosis, Psychiatric', 'Psychiatric Diagnosis', 'Mental Disorders, Severe', 'Mental Disorder, Severe', 'Severe Mental Disorder', 'Severe Mental Disorders']",Food Addiction
2,Mental Disorders,"['Mental Disorder', 'Psychiatric Illness', 'Psychiatric Illnesses', 'Psychiatric Diseases', 'Psychiatric Disease', 'Mental Illness', 'Illness, Mental', 'Mental Illnesses', 'Psychiatric Disorders', 'Psychiatric Disorder', 'Behavior Disorders', 'Diagnosis, Psychiatric', 'Psychiatric Diagnosis', 'Mental Disorders, Severe', 'Mental Disorder, Severe', 'Severe Mental Disorder', 'Severe Mental Disorders']",Night Eating Syndrome
2,Mental Disorders,"['Mental Disorder', 'Psychiatric Illness', 'Psychiatric Illnesses', 'Psychiatric Diseases', 'Psychiatric Disease', 'Mental Illness', 'Illness, Mental', 'Mental Illnesses', 'Psychiatric Disorders', 'Psychiatric Disorder', 'Behavior Disorders', 'Diagnosis, Psychiatric', 'Psychiatric Diagnosis', 'Mental Disorders, Severe', 'Mental Disorder, Severe', 'Severe Mental Disorder', 'Severe Mental Disorders']",Orthorexia Nervosa
2,Mental Disorders,"['Mental Disorder', 'Psychiatric Illness', 'Psychiatric Illnesses', 'Psychiatric Diseases', 'Psychiatric Disease', 'Mental Illness', 'Illness, Mental', 'Mental Illnesses', 'Psychiatric Disorders', 'Psychiatric Disorder', 'Behavior Disorders', 'Diagnosis, Psychiatric', 'Psychiatric Diagnosis', 'Mental Disorders, Severe', 'Mental Disorder, Severe', 'Severe Mental Disorder', 'Severe Mental Disorders']",Pica
2,Mental Disorders,"['Mental Disorder', 'Psychiatric Illness', 'Psychiatric Illnesses', 'Psychiatric Diseases', 'Psychiatric Disease', 'Mental Illness', 'Illness, Mental', 'Mental Illnesses', 'Psychiatric Disorders', 'Psychiatric Disorder', 'Behavior Disorders', 'Diagnosis, Psychiatric', 'Psychiatric Diagnosis', 'Mental Disorders, Severe', 'Mental Disorder, Severe', 'Severe Mental Disorder', 'Severe Mental Disorders']",Relative Energy Deficiency in Sport +
2,Mental Disorders,"['Mental Disorder', 'Psychiatric Illness', 'Psychiatric Illnesses', 'Psychiatric Diseases', 'Psychiatric Disease', 'Mental Illness', 'Illness, Mental', 'Mental Illnesses', 'Psychiatric Disorders', 'Psychiatric Disorder', 'Behavior Disorders', 'Diagnosis, Psychiatric', 'Psychiatric Diagnosis', 'Mental Disorders, Severe', 'Mental Disorder, Severe', 'Severe Mental Disorder', 'Severe Mental Disorders']",Rumination Syndrome
2,Mental Disorders,"['Mental Disorder', 'Psychiatric Illness', 'Psychiatric Illnesses', 'Psychiatric Diseases', 'Psychiatric Disease', 'Mental Illness', 'Illness, Mental', 'Mental Illnesses', 'Psychiatric Disorders', 'Psychiatric Disorder', 'Behavior Disorders', 'Diagnosis, Psychiatric', 'Psychiatric Diagnosis', 'Mental Disorders, Severe', 'Mental Disorder, Severe', 'Severe Mental Disorder', 'Severe Mental Disorders']",Mood Disorders
2,Mental Disorders,"['Mental Disorder', 'Psychiatric Illness', 'Psychiatric Illnesses', 'Psychiatric Diseases', 'Psychiatric Disease', 'Mental Illness', 'Illness, Mental', 'Mental Illnesses', 'Psychiatric Disorders', 'Psychiatric Disorder', 'Behavior Disorders', 'Diagnosis, Psychiatric', 'Psychiatric Diagnosis', 'Mental Disorders, Severe', 'Mental Disorder, Severe', 'Severe Mental Disorder', 'Severe Mental Disorders']",Bipolar and Related Disorders +
2,Mental Disorders,"['Mental Disorder', 'Psychiatric Illness', 'Psychiatric Illnesses', 'Psychiatric Diseases', 'Psychiatric Disease', 'Mental Illness', 'Illness, Mental', 'Mental Illnesses', 'Psychiatric Disorders', 'Psychiatric Disorder', 'Behavior Disorders', 'Diagnosis, Psychiatric', 'Psychiatric Diagnosis', 'Mental Disorders, Severe', 'Mental Disorder, Severe', 'Severe Mental Disorder', 'Severe Mental Disorders']",Cyclothymic Disorder
2,Mental Disorders,"['Mental Disorder', 'Psychiatric Illness', 'Psychiatric Illnesses', 'Psychiatric Diseases', 'Psychiatric Disease', 'Mental Illness', 'Illness, Mental', 'Mental Illnesses', 'Psychiatric Disorders', 'Psychiatric Disorder', 'Behavior Disorders', 'Diagnosis, Psychiatric', 'Psychiatric Diagnosis', 'Mental Disorders, Severe', 'Mental Disorder, Severe', 'Severe Mental Disorder', 'Severe Mental Disorders']",Depressive Disorder +
2,Mental Disorders,"['Mental Disorder', 'Psychiatric Illness', 'Psychiatric Illnesses', 'Psychiatric Diseases', 'Psychiatric Disease', 'Mental Illness', 'Illness, Mental', 'Mental Illnesses', 'Psychiatric Disorders', 'Psychiatric Disorder', 'Behavior Disorders', 'Diagnosis, Psychiatric', 'Psychiatric Diagnosis', 'Mental Disorders, Severe', 'Mental Disorder, Severe', 'Severe Mental Disorder', 'Severe Mental Disorders']",Motor Disorders
2,Mental Disorders,"['Mental Disorder', 'Psychiatric Illness', 'Psychiatric Illnesses', 'Psychiatric Diseases', 'Psychiatric Disease', 'Mental Illness', 'Illness, Mental', 'Mental Illnesses', 'Psychiatric Disorders', 'Psychiatric Disorder', 'Behavior Disorders', 'Diagnosis, Psychiatric', 'Psychiatric Diagnosis', 'Mental Disorders, Severe', 'Mental Disorder, Severe', 'Severe Mental Disorder', 'Severe Mental Disorders']",Neurocognitive Disorders
2,Mental Disorders,"['Mental Disorder', 'Psychiatric Illness', 'Psychiatric Illnesses', 'Psychiatric Diseases', 'Psychiatric Disease', 'Mental Illness', 'Illness, Mental', 'Mental Illnesses', 'Psychiatric Disorders', 'Psychiatric Disorder', 'Behavior Disorders', 'Diagnosis, Psychiatric', 'Psychiatric Diagnosis', 'Mental Disorders, Severe', 'Mental Disorder, Severe', 'Severe Mental Disorder', 'Severe Mental Disorders']",Cognition Disorders +
2,Mental Disorders,"['Mental Disorder', 'Psychiatric Illness', 'Psychiatric Illnesses', 'Psychiatric Diseases', 'Psychiatric Disease', 'Mental Illness', 'Illness, Mental', 'Mental Illnesses', 'Psychiatric Disorders', 'Psychiatric Disorder', 'Behavior Disorders', 'Diagnosis, Psychiatric', 'Psychiatric Diagnosis', 'Mental Disorders, Severe', 'Mental Disorder, Severe', 'Severe Mental Disorder', 'Severe Mental Disorders']",Dementia +
2,Mental Disorders,"['Mental Disorder', 'Psychiatric Illness', 'Psychiatric Illnesses', 'Psychiatric Diseases', 'Psychiatric Disease', 'Mental Illness', 'Illness, Mental', 'Mental Illnesses', 'Psychiatric Disorders', 'Psychiatric Disorder', 'Behavior Disorders', 'Diagnosis, Psychiatric', 'Psychiatric Diagnosis', 'Mental Disorders, Severe', 'Mental Disorder, Severe', 'Severe Mental Disorder', 'Severe Mental Disorders']","Dyslexia, Acquired +"
2,Mental Disorders,"['Mental Disorder', 'Psychiatric Illness', 'Psychiatric Illnesses', 'Psychiatric Diseases', 'Psychiatric Disease', 'Mental Illness', 'Illness, Mental', 'Mental Illnesses', 'Psychiatric Disorders', 'Psychiatric Disorder', 'Behavior Disorders', 'Diagnosis, Psychiatric', 'Psychiatric Diagnosis', 'Mental Disorders, Severe', 'Mental Disorder, Severe', 'Severe Mental Disorder', 'Severe Mental Disorders']",Neurodevelopmental Disorders
2,Mental Disorders,"['Mental Disorder', 'Psychiatric Illness', 'Psychiatric Illnesses', 'Psychiatric Diseases', 'Psychiatric Disease', 'Mental Illness', 'Illness, Mental', 'Mental Illnesses', 'Psychiatric Disorders', 'Psychiatric Disorder', 'Behavior Disorders', 'Diagnosis, Psychiatric', 'Psychiatric Diagnosis', 'Mental Disorders, Severe', 'Mental Disorder, Severe', 'Severe Mental Disorder', 'Severe Mental Disorders']",Attention Deficit and Disruptive Behavior Disorders +
2,Mental Disorders,"['Mental Disorder', 'Psychiatric Illness', 'Psychiatric Illnesses', 'Psychiatric Diseases', 'Psychiatric Disease', 'Mental Illness', 'Illness, Mental', 'Mental Illnesses', 'Psychiatric Disorders', 'Psychiatric Disorder', 'Behavior Disorders', 'Diagnosis, Psychiatric', 'Psychiatric Diagnosis', 'Mental Disorders, Severe', 'Mental Disorder, Severe', 'Severe Mental Disorder', 'Severe Mental Disorders']",Child Behavior Disorders
2,Mental Disorders,"['Mental Disorder', 'Psychiatric Illness', 'Psychiatric Illnesses', 'Psychiatric Diseases', 'Psychiatric Disease', 'Mental Illness', 'Illness, Mental', 'Mental Illnesses', 'Psychiatric Disorders', 'Psychiatric Disorder', 'Behavior Disorders', 'Diagnosis, Psychiatric', 'Psychiatric Diagnosis', 'Mental Disorders, Severe', 'Mental Disorder, Severe', 'Severe Mental Disorder', 'Severe Mental Disorders']","Child Development Disorders, Pervasive +"
2,Mental Disorders,"['Mental Disorder', 'Psychiatric Illness', 'Psychiatric Illnesses', 'Psychiatric Diseases', 'Psychiatric Disease', 'Mental Illness', 'Illness, Mental', 'Mental Illnesses', 'Psychiatric Disorders', 'Psychiatric Disorder', 'Behavior Disorders', 'Diagnosis, Psychiatric', 'Psychiatric Diagnosis', 'Mental Disorders, Severe', 'Mental Disorder, Severe', 'Severe Mental Disorder', 'Severe Mental Disorders']",Communication Disorders +
2,Mental Disorders,"['Mental Disorder', 'Psychiatric Illness', 'Psychiatric Illnesses', 'Psychiatric Diseases', 'Psychiatric Disease', 'Mental Illness', 'Illness, Mental', 'Mental Illnesses', 'Psychiatric Disorders', 'Psychiatric Disorder', 'Behavior Disorders', 'Diagnosis, Psychiatric', 'Psychiatric Diagnosis', 'Mental Disorders, Severe', 'Mental Disorder, Severe', 'Severe Mental Disorder', 'Severe Mental Disorders']",Developmental Disabilities
2,Mental Disorders,"['Mental Disorder', 'Psychiatric Illness', 'Psychiatric Illnesses', 'Psychiatric Diseases', 'Psychiatric Disease', 'Mental Illness', 'Illness, Mental', 'Mental Illnesses', 'Psychiatric Disorders', 'Psychiatric Disorder', 'Behavior Disorders', 'Diagnosis, Psychiatric', 'Psychiatric Diagnosis', 'Mental Disorders, Severe', 'Mental Disorder, Severe', 'Severe Mental Disorder', 'Severe Mental Disorders']",Motor Skills Disorders
2,Mental Disorders,"['Mental Disorder', 'Psychiatric Illness', 'Psychiatric Illnesses', 'Psychiatric Diseases', 'Psychiatric Disease', 'Mental Illness', 'Illness, Mental', 'Mental Illnesses', 'Psychiatric Disorders', 'Psychiatric Disorder', 'Behavior Disorders', 'Diagnosis, Psychiatric', 'Psychiatric Diagnosis', 'Mental Disorders, Severe', 'Mental Disorder, Severe', 'Severe Mental Disorder', 'Severe Mental Disorders']",Mutism
2,Mental Disorders,"['Mental Disorder', 'Psychiatric Illness', 'Psychiatric Illnesses', 'Psychiatric Diseases', 'Psychiatric Disease', 'Mental Illness', 'Illness, Mental', 'Mental Illnesses', 'Psychiatric Disorders', 'Psychiatric Disorder', 'Behavior Disorders', 'Diagnosis, Psychiatric', 'Psychiatric Diagnosis', 'Mental Disorders, Severe', 'Mental Disorder, Severe', 'Severe Mental Disorder', 'Severe Mental Disorders']",Reactive Attachment Disorder
2,Mental Disorders,"['Mental Disorder', 'Psychiatric Illness', 'Psychiatric Illnesses', 'Psychiatric Diseases', 'Psychiatric Disease', 'Mental Illness', 'Illness, Mental', 'Mental Illnesses', 'Psychiatric Disorders', 'Psychiatric Disorder', 'Behavior Disorders', 'Diagnosis, Psychiatric', 'Psychiatric Diagnosis', 'Mental Disorders, Severe', 'Mental Disorder, Severe', 'Severe Mental Disorder', 'Severe Mental Disorders']","Schizophrenia, Childhood"
2,Mental Disorders,"['Mental Disorder', 'Psychiatric Illness', 'Psychiatric Illnesses', 'Psychiatric Diseases', 'Psychiatric Disease', 'Mental Illness', 'Illness, Mental', 'Mental Illnesses', 'Psychiatric Disorders', 'Psychiatric Disorder', 'Behavior Disorders', 'Diagnosis, Psychiatric', 'Psychiatric Diagnosis', 'Mental Disorders, Severe', 'Mental Disorder, Severe', 'Severe Mental Disorder', 'Severe Mental Disorders']",Stereotypic Movement Disorder
2,Mental Disorders,"['Mental Disorder', 'Psychiatric Illness', 'Psychiatric Illnesses', 'Psychiatric Diseases', 'Psychiatric Disease', 'Mental Illness', 'Illness, Mental', 'Mental Illnesses', 'Psychiatric Disorders', 'Psychiatric Disorder', 'Behavior Disorders', 'Diagnosis, Psychiatric', 'Psychiatric Diagnosis', 'Mental Disorders, Severe', 'Mental Disorder, Severe', 'Severe Mental Disorder', 'Severe Mental Disorders']",Tic Disorders +
2,Mental Disorders,"['Mental Disorder', 'Psychiatric Illness', 'Psychiatric Illnesses', 'Psychiatric Diseases', 'Psychiatric Disease', 'Mental Illness', 'Illness, Mental', 'Mental Illnesses', 'Psychiatric Disorders', 'Psychiatric Disorder', 'Behavior Disorders', 'Diagnosis, Psychiatric', 'Psychiatric Diagnosis', 'Mental Disorders, Severe', 'Mental Disorder, Severe', 'Severe Mental Disorder', 'Severe Mental Disorders']",Paraphilic Disorders
2,Mental Disorders,"['Mental Disorder', 'Psychiatric Illness', 'Psychiatric Illnesses', 'Psychiatric Diseases', 'Psychiatric Disease', 'Mental Illness', 'Illness, Mental', 'Mental Illnesses', 'Psychiatric Disorders', 'Psychiatric Disorder', 'Behavior Disorders', 'Diagnosis, Psychiatric', 'Psychiatric Diagnosis', 'Mental Disorders, Severe', 'Mental Disorder, Severe', 'Severe Mental Disorder', 'Severe Mental Disorders']",Exhibitionism
2,Mental Disorders,"['Mental Disorder', 'Psychiatric Illness', 'Psychiatric Illnesses', 'Psychiatric Diseases', 'Psychiatric Disease', 'Mental Illness', 'Illness, Mental', 'Mental Illnesses', 'Psychiatric Disorders', 'Psychiatric Disorder', 'Behavior Disorders', 'Diagnosis, Psychiatric', 'Psychiatric Diagnosis', 'Mental Disorders, Severe', 'Mental Disorder, Severe', 'Severe Mental Disorder', 'Severe Mental Disorders']","Fetishism, Psychiatric"
2,Mental Disorders,"['Mental Disorder', 'Psychiatric Illness', 'Psychiatric Illnesses', 'Psychiatric Diseases', 'Psychiatric Disease', 'Mental Illness', 'Illness, Mental', 'Mental Illnesses', 'Psychiatric Disorders', 'Psychiatric Disorder', 'Behavior Disorders', 'Diagnosis, Psychiatric', 'Psychiatric Diagnosis', 'Mental Disorders, Severe', 'Mental Disorder, Severe', 'Severe Mental Disorder', 'Severe Mental Disorders']",Masochism
2,Mental Disorders,"['Mental Disorder', 'Psychiatric Illness', 'Psychiatric Illnesses', 'Psychiatric Diseases', 'Psychiatric Disease', 'Mental Illness', 'Illness, Mental', 'Mental Illnesses', 'Psychiatric Disorders', 'Psychiatric Disorder', 'Behavior Disorders', 'Diagnosis, Psychiatric', 'Psychiatric Diagnosis', 'Mental Disorders, Severe', 'Mental Disorder, Severe', 'Severe Mental Disorder', 'Severe Mental Disorders']",Pedophilia
2,Mental Disorders,"['Mental Disorder', 'Psychiatric Illness', 'Psychiatric Illnesses', 'Psychiatric Diseases', 'Psychiatric Disease', 'Mental Illness', 'Illness, Mental', 'Mental Illnesses', 'Psychiatric Disorders', 'Psychiatric Disorder', 'Behavior Disorders', 'Diagnosis, Psychiatric', 'Psychiatric Diagnosis', 'Mental Disorders, Severe', 'Mental Disorder, Severe', 'Severe Mental Disorder', 'Severe Mental Disorders']",Sadism
2,Mental Disorders,"['Mental Disorder', 'Psychiatric Illness', 'Psychiatric Illnesses', 'Psychiatric Diseases', 'Psychiatric Disease', 'Mental Illness', 'Illness, Mental', 'Mental Illnesses', 'Psychiatric Disorders', 'Psychiatric Disorder', 'Behavior Disorders', 'Diagnosis, Psychiatric', 'Psychiatric Diagnosis', 'Mental Disorders, Severe', 'Mental Disorder, Severe', 'Severe Mental Disorder', 'Severe Mental Disorders']",Transvestism
2,Mental Disorders,"['Mental Disorder', 'Psychiatric Illness', 'Psychiatric Illnesses', 'Psychiatric Diseases', 'Psychiatric Disease', 'Mental Illness', 'Illness, Mental', 'Mental Illnesses', 'Psychiatric Disorders', 'Psychiatric Disorder', 'Behavior Disorders', 'Diagnosis, Psychiatric', 'Psychiatric Diagnosis', 'Mental Disorders, Severe', 'Mental Disorder, Severe', 'Severe Mental Disorder', 'Severe Mental Disorders']",Voyeurism
2,Mental Disorders,"['Mental Disorder', 'Psychiatric Illness', 'Psychiatric Illnesses', 'Psychiatric Diseases', 'Psychiatric Disease', 'Mental Illness', 'Illness, Mental', 'Mental Illnesses', 'Psychiatric Disorders', 'Psychiatric Disorder', 'Behavior Disorders', 'Diagnosis, Psychiatric', 'Psychiatric Diagnosis', 'Mental Disorders, Severe', 'Mental Disorder, Severe', 'Severe Mental Disorder', 'Severe Mental Disorders']",Personality Disorders
2,Mental Disorders,"['Mental Disorder', 'Psychiatric Illness', 'Psychiatric Illnesses', 'Psychiatric Diseases', 'Psychiatric Disease', 'Mental Illness', 'Illness, Mental', 'Mental Illnesses', 'Psychiatric Disorders', 'Psychiatric Disorder', 'Behavior Disorders', 'Diagnosis, Psychiatric', 'Psychiatric Diagnosis', 'Mental Disorders, Severe', 'Mental Disorder, Severe', 'Severe Mental Disorder', 'Severe Mental Disorders']",Antisocial Personality Disorder
2,Mental Disorders,"['Mental Disorder', 'Psychiatric Illness', 'Psychiatric Illnesses', 'Psychiatric Diseases', 'Psychiatric Disease', 'Mental Illness', 'Illness, Mental', 'Mental Illnesses', 'Psychiatric Disorders', 'Psychiatric Disorder', 'Behavior Disorders', 'Diagnosis, Psychiatric', 'Psychiatric Diagnosis', 'Mental Disorders, Severe', 'Mental Disorder, Severe', 'Severe Mental Disorder', 'Severe Mental Disorders']",Borderline Personality Disorder
2,Mental Disorders,"['Mental Disorder', 'Psychiatric Illness', 'Psychiatric Illnesses', 'Psychiatric Diseases', 'Psychiatric Disease', 'Mental Illness', 'Illness, Mental', 'Mental Illnesses', 'Psychiatric Disorders', 'Psychiatric Disorder', 'Behavior Disorders', 'Diagnosis, Psychiatric', 'Psychiatric Diagnosis', 'Mental Disorders, Severe', 'Mental Disorder, Severe', 'Severe Mental Disorder', 'Severe Mental Disorders']",Compulsive Personality Disorder
2,Mental Disorders,"['Mental Disorder', 'Psychiatric Illness', 'Psychiatric Illnesses', 'Psychiatric Diseases', 'Psychiatric Disease', 'Mental Illness', 'Illness, Mental', 'Mental Illnesses', 'Psychiatric Disorders', 'Psychiatric Disorder', 'Behavior Disorders', 'Diagnosis, Psychiatric', 'Psychiatric Diagnosis', 'Mental Disorders, Severe', 'Mental Disorder, Severe', 'Severe Mental Disorder', 'Severe Mental Disorders']",Dependent Personality Disorder
2,Mental Disorders,"['Mental Disorder', 'Psychiatric Illness', 'Psychiatric Illnesses', 'Psychiatric Diseases', 'Psychiatric Disease', 'Mental Illness', 'Illness, Mental', 'Mental Illnesses', 'Psychiatric Disorders', 'Psychiatric Disorder', 'Behavior Disorders', 'Diagnosis, Psychiatric', 'Psychiatric Diagnosis', 'Mental Disorders, Severe', 'Mental Disorder, Severe', 'Severe Mental Disorder', 'Severe Mental Disorders']",Histrionic Personality Disorder +
2,Mental Disorders,"['Mental Disorder', 'Psychiatric Illness', 'Psychiatric Illnesses', 'Psychiatric Diseases', 'Psychiatric Disease', 'Mental Illness', 'Illness, Mental', 'Mental Illnesses', 'Psychiatric Disorders', 'Psychiatric Disorder', 'Behavior Disorders', 'Diagnosis, Psychiatric', 'Psychiatric Diagnosis', 'Mental Disorders, Severe', 'Mental Disorder, Severe', 'Severe Mental Disorder', 'Severe Mental Disorders']",Narcissistic Personality Disorder
2,Mental Disorders,"['Mental Disorder', 'Psychiatric Illness', 'Psychiatric Illnesses', 'Psychiatric Diseases', 'Psychiatric Disease', 'Mental Illness', 'Illness, Mental', 'Mental Illnesses', 'Psychiatric Disorders', 'Psychiatric Disorder', 'Behavior Disorders', 'Diagnosis, Psychiatric', 'Psychiatric Diagnosis', 'Mental Disorders, Severe', 'Mental Disorder, Severe', 'Severe Mental Disorder', 'Severe Mental Disorders']",Paranoid Personality Disorder
2,Mental Disorders,"['Mental Disorder', 'Psychiatric Illness', 'Psychiatric Illnesses', 'Psychiatric Diseases', 'Psychiatric Disease', 'Mental Illness', 'Illness, Mental', 'Mental Illnesses', 'Psychiatric Disorders', 'Psychiatric Disorder', 'Behavior Disorders', 'Diagnosis, Psychiatric', 'Psychiatric Diagnosis', 'Mental Disorders, Severe', 'Mental Disorder, Severe', 'Severe Mental Disorder', 'Severe Mental Disorders']",Passive-Aggressive Personality Disorder
2,Mental Disorders,"['Mental Disorder', 'Psychiatric Illness', 'Psychiatric Illnesses', 'Psychiatric Diseases', 'Psychiatric Disease', 'Mental Illness', 'Illness, Mental', 'Mental Illnesses', 'Psychiatric Disorders', 'Psychiatric Disorder', 'Behavior Disorders', 'Diagnosis, Psychiatric', 'Psychiatric Diagnosis', 'Mental Disorders, Severe', 'Mental Disorder, Severe', 'Severe Mental Disorder', 'Severe Mental Disorders']",Schizoid Personality Disorder
2,Mental Disorders,"['Mental Disorder', 'Psychiatric Illness', 'Psychiatric Illnesses', 'Psychiatric Diseases', 'Psychiatric Disease', 'Mental Illness', 'Illness, Mental', 'Mental Illnesses', 'Psychiatric Disorders', 'Psychiatric Disorder', 'Behavior Disorders', 'Diagnosis, Psychiatric', 'Psychiatric Diagnosis', 'Mental Disorders, Severe', 'Mental Disorder, Severe', 'Severe Mental Disorder', 'Severe Mental Disorders']",Schizotypal Personality Disorder
2,Mental Disorders,"['Mental Disorder', 'Psychiatric Illness', 'Psychiatric Illnesses', 'Psychiatric Diseases', 'Psychiatric Disease', 'Mental Illness', 'Illness, Mental', 'Mental Illnesses', 'Psychiatric Disorders', 'Psychiatric Disorder', 'Behavior Disorders', 'Diagnosis, Psychiatric', 'Psychiatric Diagnosis', 'Mental Disorders, Severe', 'Mental Disorder, Severe', 'Severe Mental Disorder', 'Severe Mental Disorders']",Schizophrenia Spectrum and Other Psychotic Disorders
2,Mental Disorders,"['Mental Disorder', 'Psychiatric Illness', 'Psychiatric Illnesses', 'Psychiatric Diseases', 'Psychiatric Disease', 'Mental Illness', 'Illness, Mental', 'Mental Illnesses', 'Psychiatric Disorders', 'Psychiatric Disorder', 'Behavior Disorders', 'Diagnosis, Psychiatric', 'Psychiatric Diagnosis', 'Mental Disorders, Severe', 'Mental Disorder, Severe', 'Severe Mental Disorder', 'Severe Mental Disorders']","Affective Disorders, Psychotic"
2,Mental Disorders,"['Mental Disorder', 'Psychiatric Illness', 'Psychiatric Illnesses', 'Psychiatric Diseases', 'Psychiatric Disease', 'Mental Illness', 'Illness, Mental', 'Mental Illnesses', 'Psychiatric Disorders', 'Psychiatric Disorder', 'Behavior Disorders', 'Diagnosis, Psychiatric', 'Psychiatric Diagnosis', 'Mental Disorders, Severe', 'Mental Disorder, Severe', 'Severe Mental Disorder', 'Severe Mental Disorders']",Capgras Syndrome
2,Mental Disorders,"['Mental Disorder', 'Psychiatric Illness', 'Psychiatric Illnesses', 'Psychiatric Diseases', 'Psychiatric Disease', 'Mental Illness', 'Illness, Mental', 'Mental Illnesses', 'Psychiatric Disorders', 'Psychiatric Disorder', 'Behavior Disorders', 'Diagnosis, Psychiatric', 'Psychiatric Diagnosis', 'Mental Disorders, Severe', 'Mental Disorder, Severe', 'Severe Mental Disorder', 'Severe Mental Disorders']",Delusional Parasitosis
2,Mental Disorders,"['Mental Disorder', 'Psychiatric Illness', 'Psychiatric Illnesses', 'Psychiatric Diseases', 'Psychiatric Disease', 'Mental Illness', 'Illness, Mental', 'Mental Illnesses', 'Psychiatric Disorders', 'Psychiatric Disorder', 'Behavior Disorders', 'Diagnosis, Psychiatric', 'Psychiatric Diagnosis', 'Mental Disorders, Severe', 'Mental Disorder, Severe', 'Severe Mental Disorder', 'Severe Mental Disorders']",Morgellons Disease
2,Mental Disorders,"['Mental Disorder', 'Psychiatric Illness', 'Psychiatric Illnesses', 'Psychiatric Diseases', 'Psychiatric Disease', 'Mental Illness', 'Illness, Mental', 'Mental Illnesses', 'Psychiatric Disorders', 'Psychiatric Disorder', 'Behavior Disorders', 'Diagnosis, Psychiatric', 'Psychiatric Diagnosis', 'Mental Disorders, Severe', 'Mental Disorder, Severe', 'Severe Mental Disorder', 'Severe Mental Disorders']",Paranoid Disorders
2,Mental Disorders,"['Mental Disorder', 'Psychiatric Illness', 'Psychiatric Illnesses', 'Psychiatric Diseases', 'Psychiatric Disease', 'Mental Illness', 'Illness, Mental', 'Mental Illnesses', 'Psychiatric Disorders', 'Psychiatric Disorder', 'Behavior Disorders', 'Diagnosis, Psychiatric', 'Psychiatric Diagnosis', 'Mental Disorders, Severe', 'Mental Disorder, Severe', 'Severe Mental Disorder', 'Severe Mental Disorders']",Psychotic Disorders +
2,Mental Disorders,"['Mental Disorder', 'Psychiatric Illness', 'Psychiatric Illnesses', 'Psychiatric Diseases', 'Psychiatric Disease', 'Mental Illness', 'Illness, Mental', 'Mental Illnesses', 'Psychiatric Disorders', 'Psychiatric Disorder', 'Behavior Disorders', 'Diagnosis, Psychiatric', 'Psychiatric Diagnosis', 'Mental Disorders, Severe', 'Mental Disorder, Severe', 'Severe Mental Disorder', 'Severe Mental Disorders']",Schizophrenia +
2,Mental Disorders,"['Mental Disorder', 'Psychiatric Illness', 'Psychiatric Illnesses', 'Psychiatric Diseases', 'Psychiatric Disease', 'Mental Illness', 'Illness, Mental', 'Mental Illnesses', 'Psychiatric Disorders', 'Psychiatric Disorder', 'Behavior Disorders', 'Diagnosis, Psychiatric', 'Psychiatric Diagnosis', 'Mental Disorders, Severe', 'Mental Disorder, Severe', 'Severe Mental Disorder', 'Severe Mental Disorders']","Sexual Dysfunctions, Psychological"
2,Mental Disorders,"['Mental Disorder', 'Psychiatric Illness', 'Psychiatric Illnesses', 'Psychiatric Diseases', 'Psychiatric Disease', 'Mental Illness', 'Illness, Mental', 'Mental Illnesses', 'Psychiatric Disorders', 'Psychiatric Disorder', 'Behavior Disorders', 'Diagnosis, Psychiatric', 'Psychiatric Diagnosis', 'Mental Disorders, Severe', 'Mental Disorder, Severe', 'Severe Mental Disorder', 'Severe Mental Disorders']",Dyspareunia
2,Mental Disorders,"['Mental Disorder', 'Psychiatric Illness', 'Psychiatric Illnesses', 'Psychiatric Diseases', 'Psychiatric Disease', 'Mental Illness', 'Illness, Mental', 'Mental Illnesses', 'Psychiatric Disorders', 'Psychiatric Disorder', 'Behavior Disorders', 'Diagnosis, Psychiatric', 'Psychiatric Diagnosis', 'Mental Disorders, Severe', 'Mental Disorder, Severe', 'Severe Mental Disorder', 'Severe Mental Disorders']",Erectile Dysfunction
2,Mental Disorders,"['Mental Disorder', 'Psychiatric Illness', 'Psychiatric Illnesses', 'Psychiatric Diseases', 'Psychiatric Disease', 'Mental Illness', 'Illness, Mental', 'Mental Illnesses', 'Psychiatric Disorders', 'Psychiatric Disorder', 'Behavior Disorders', 'Diagnosis, Psychiatric', 'Psychiatric Diagnosis', 'Mental Disorders, Severe', 'Mental Disorder, Severe', 'Severe Mental Disorder', 'Severe Mental Disorders']",Gender Dysphoria
2,Mental Disorders,"['Mental Disorder', 'Psychiatric Illness', 'Psychiatric Illnesses', 'Psychiatric Diseases', 'Psychiatric Disease', 'Mental Illness', 'Illness, Mental', 'Mental Illnesses', 'Psychiatric Disorders', 'Psychiatric Disorder', 'Behavior Disorders', 'Diagnosis, Psychiatric', 'Psychiatric Diagnosis', 'Mental Disorders, Severe', 'Mental Disorder, Severe', 'Severe Mental Disorder', 'Severe Mental Disorders']",Premature Ejaculation
2,Mental Disorders,"['Mental Disorder', 'Psychiatric Illness', 'Psychiatric Illnesses', 'Psychiatric Diseases', 'Psychiatric Disease', 'Mental Illness', 'Illness, Mental', 'Mental Illnesses', 'Psychiatric Disorders', 'Psychiatric Disorder', 'Behavior Disorders', 'Diagnosis, Psychiatric', 'Psychiatric Diagnosis', 'Mental Disorders, Severe', 'Mental Disorder, Severe', 'Severe Mental Disorder', 'Severe Mental Disorders']",Sexual and Gender Disorders +
2,Mental Disorders,"['Mental Disorder', 'Psychiatric Illness', 'Psychiatric Illnesses', 'Psychiatric Diseases', 'Psychiatric Disease', 'Mental Illness', 'Illness, Mental', 'Mental Illnesses', 'Psychiatric Disorders', 'Psychiatric Disorder', 'Behavior Disorders', 'Diagnosis, Psychiatric', 'Psychiatric Diagnosis', 'Mental Disorders, Severe', 'Mental Disorder, Severe', 'Severe Mental Disorder', 'Severe Mental Disorders']",Vaginismus
2,Mental Disorders,"['Mental Disorder', 'Psychiatric Illness', 'Psychiatric Illnesses', 'Psychiatric Diseases', 'Psychiatric Disease', 'Mental Illness', 'Illness, Mental', 'Mental Illnesses', 'Psychiatric Disorders', 'Psychiatric Disorder', 'Behavior Disorders', 'Diagnosis, Psychiatric', 'Psychiatric Diagnosis', 'Mental Disorders, Severe', 'Mental Disorder, Severe', 'Severe Mental Disorder', 'Severe Mental Disorders']",Sleep Wake Disorders
2,Mental Disorders,"['Mental Disorder', 'Psychiatric Illness', 'Psychiatric Illnesses', 'Psychiatric Diseases', 'Psychiatric Disease', 'Mental Illness', 'Illness, Mental', 'Mental Illnesses', 'Psychiatric Disorders', 'Psychiatric Disorder', 'Behavior Disorders', 'Diagnosis, Psychiatric', 'Psychiatric Diagnosis', 'Mental Disorders, Severe', 'Mental Disorder, Severe', 'Severe Mental Disorder', 'Severe Mental Disorders']",Dyssomnias +
2,Mental Disorders,"['Mental Disorder', 'Psychiatric Illness', 'Psychiatric Illnesses', 'Psychiatric Diseases', 'Psychiatric Disease', 'Mental Illness', 'Illness, Mental', 'Mental Illnesses', 'Psychiatric Disorders', 'Psychiatric Disorder', 'Behavior Disorders', 'Diagnosis, Psychiatric', 'Psychiatric Diagnosis', 'Mental Disorders, Severe', 'Mental Disorder, Severe', 'Severe Mental Disorder', 'Severe Mental Disorders']",Parasomnias +
2,Mental Disorders,"['Mental Disorder', 'Psychiatric Illness', 'Psychiatric Illnesses', 'Psychiatric Diseases', 'Psychiatric Disease', 'Mental Illness', 'Illness, Mental', 'Mental Illnesses', 'Psychiatric Disorders', 'Psychiatric Disorder', 'Behavior Disorders', 'Diagnosis, Psychiatric', 'Psychiatric Diagnosis', 'Mental Disorders, Severe', 'Mental Disorder, Severe', 'Severe Mental Disorder', 'Severe Mental Disorders']",Somatoform Disorders
2,Mental Disorders,"['Mental Disorder', 'Psychiatric Illness', 'Psychiatric Illnesses', 'Psychiatric Diseases', 'Psychiatric Disease', 'Mental Illness', 'Illness, Mental', 'Mental Illnesses', 'Psychiatric Disorders', 'Psychiatric Disorder', 'Behavior Disorders', 'Diagnosis, Psychiatric', 'Psychiatric Diagnosis', 'Mental Disorders, Severe', 'Mental Disorder, Severe', 'Severe Mental Disorder', 'Severe Mental Disorders']",Body Dysmorphic Disorders
2,Mental Disorders,"['Mental Disorder', 'Psychiatric Illness', 'Psychiatric Illnesses', 'Psychiatric Diseases', 'Psychiatric Disease', 'Mental Illness', 'Illness, Mental', 'Mental Illnesses', 'Psychiatric Disorders', 'Psychiatric Disorder', 'Behavior Disorders', 'Diagnosis, Psychiatric', 'Psychiatric Diagnosis', 'Mental Disorders, Severe', 'Mental Disorder, Severe', 'Severe Mental Disorder', 'Severe Mental Disorders']",Body Integrity Identity Disorder
2,Mental Disorders,"['Mental Disorder', 'Psychiatric Illness', 'Psychiatric Illnesses', 'Psychiatric Diseases', 'Psychiatric Disease', 'Mental Illness', 'Illness, Mental', 'Mental Illnesses', 'Psychiatric Disorders', 'Psychiatric Disorder', 'Behavior Disorders', 'Diagnosis, Psychiatric', 'Psychiatric Diagnosis', 'Mental Disorders, Severe', 'Mental Disorder, Severe', 'Severe Mental Disorder', 'Severe Mental Disorders']",Conversion Disorder +
2,Mental Disorders,"['Mental Disorder', 'Psychiatric Illness', 'Psychiatric Illnesses', 'Psychiatric Diseases', 'Psychiatric Disease', 'Mental Illness', 'Illness, Mental', 'Mental Illnesses', 'Psychiatric Disorders', 'Psychiatric Disorder', 'Behavior Disorders', 'Diagnosis, Psychiatric', 'Psychiatric Diagnosis', 'Mental Disorders, Severe', 'Mental Disorder, Severe', 'Severe Mental Disorder', 'Severe Mental Disorders']",Factitious Disorders +
2,Mental Disorders,"['Mental Disorder', 'Psychiatric Illness', 'Psychiatric Illnesses', 'Psychiatric Diseases', 'Psychiatric Disease', 'Mental Illness', 'Illness, Mental', 'Mental Illnesses', 'Psychiatric Disorders', 'Psychiatric Disorder', 'Behavior Disorders', 'Diagnosis, Psychiatric', 'Psychiatric Diagnosis', 'Mental Disorders, Severe', 'Mental Disorder, Severe', 'Severe Mental Disorder', 'Severe Mental Disorders']",Hypochondriasis
2,Mental Disorders,"['Mental Disorder', 'Psychiatric Illness', 'Psychiatric Illnesses', 'Psychiatric Diseases', 'Psychiatric Disease', 'Mental Illness', 'Illness, Mental', 'Mental Illnesses', 'Psychiatric Disorders', 'Psychiatric Disorder', 'Behavior Disorders', 'Diagnosis, Psychiatric', 'Psychiatric Diagnosis', 'Mental Disorders, Severe', 'Mental Disorder, Severe', 'Severe Mental Disorder', 'Severe Mental Disorders']",Neurasthenia
2,Mental Disorders,"['Mental Disorder', 'Psychiatric Illness', 'Psychiatric Illnesses', 'Psychiatric Diseases', 'Psychiatric Disease', 'Mental Illness', 'Illness, Mental', 'Mental Illnesses', 'Psychiatric Disorders', 'Psychiatric Disorder', 'Behavior Disorders', 'Diagnosis, Psychiatric', 'Psychiatric Diagnosis', 'Mental Disorders, Severe', 'Mental Disorder, Severe', 'Severe Mental Disorder', 'Severe Mental Disorders']",Substance-Related Disorders
2,Mental Disorders,"['Mental Disorder', 'Psychiatric Illness', 'Psychiatric Illnesses', 'Psychiatric Diseases', 'Psychiatric Disease', 'Mental Illness', 'Illness, Mental', 'Mental Illnesses', 'Psychiatric Disorders', 'Psychiatric Disorder', 'Behavior Disorders', 'Diagnosis, Psychiatric', 'Psychiatric Diagnosis', 'Mental Disorders, Severe', 'Mental Disorder, Severe', 'Severe Mental Disorder', 'Severe Mental Disorders']",Alcohol-Related Disorders +
2,Mental Disorders,"['Mental Disorder', 'Psychiatric Illness', 'Psychiatric Illnesses', 'Psychiatric Diseases', 'Psychiatric Disease', 'Mental Illness', 'Illness, Mental', 'Mental Illnesses', 'Psychiatric Disorders', 'Psychiatric Disorder', 'Behavior Disorders', 'Diagnosis, Psychiatric', 'Psychiatric Diagnosis', 'Mental Disorders, Severe', 'Mental Disorder, Severe', 'Severe Mental Disorder', 'Severe Mental Disorders']",Amphetamine-Related Disorders
2,Mental Disorders,"['Mental Disorder', 'Psychiatric Illness', 'Psychiatric Illnesses', 'Psychiatric Diseases', 'Psychiatric Disease', 'Mental Illness', 'Illness, Mental', 'Mental Illnesses', 'Psychiatric Disorders', 'Psychiatric Disorder', 'Behavior Disorders', 'Diagnosis, Psychiatric', 'Psychiatric Diagnosis', 'Mental Disorders, Severe', 'Mental Disorder, Severe', 'Severe Mental Disorder', 'Severe Mental Disorders']",Cocaine-Related Disorders
2,Mental Disorders,"['Mental Disorder', 'Psychiatric Illness', 'Psychiatric Illnesses', 'Psychiatric Diseases', 'Psychiatric Disease', 'Mental Illness', 'Illness, Mental', 'Mental Illnesses', 'Psychiatric Disorders', 'Psychiatric Disorder', 'Behavior Disorders', 'Diagnosis, Psychiatric', 'Psychiatric Diagnosis', 'Mental Disorders, Severe', 'Mental Disorder, Severe', 'Severe Mental Disorder', 'Severe Mental Disorders']",Drug Misuse +
2,Mental Disorders,"['Mental Disorder', 'Psychiatric Illness', 'Psychiatric Illnesses', 'Psychiatric Diseases', 'Psychiatric Disease', 'Mental Illness', 'Illness, Mental', 'Mental Illnesses', 'Psychiatric Disorders', 'Psychiatric Disorder', 'Behavior Disorders', 'Diagnosis, Psychiatric', 'Psychiatric Diagnosis', 'Mental Disorders, Severe', 'Mental Disorder, Severe', 'Severe Mental Disorder', 'Severe Mental Disorders']",Inhalant Abuse
2,Mental Disorders,"['Mental Disorder', 'Psychiatric Illness', 'Psychiatric Illnesses', 'Psychiatric Diseases', 'Psychiatric Disease', 'Mental Illness', 'Illness, Mental', 'Mental Illnesses', 'Psychiatric Disorders', 'Psychiatric Disorder', 'Behavior Disorders', 'Diagnosis, Psychiatric', 'Psychiatric Diagnosis', 'Mental Disorders, Severe', 'Mental Disorder, Severe', 'Severe Mental Disorder', 'Severe Mental Disorders']",Marijuana Abuse +
2,Mental Disorders,"['Mental Disorder', 'Psychiatric Illness', 'Psychiatric Illnesses', 'Psychiatric Diseases', 'Psychiatric Disease', 'Mental Illness', 'Illness, Mental', 'Mental Illnesses', 'Psychiatric Disorders', 'Psychiatric Disorder', 'Behavior Disorders', 'Diagnosis, Psychiatric', 'Psychiatric Diagnosis', 'Mental Disorders, Severe', 'Mental Disorder, Severe', 'Severe Mental Disorder', 'Severe Mental Disorders']",Marijuana Use
2,Mental Disorders,"['Mental Disorder', 'Psychiatric Illness', 'Psychiatric Illnesses', 'Psychiatric Diseases', 'Psychiatric Disease', 'Mental Illness', 'Illness, Mental', 'Mental Illnesses', 'Psychiatric Disorders', 'Psychiatric Disorder', 'Behavior Disorders', 'Diagnosis, Psychiatric', 'Psychiatric Diagnosis', 'Mental Disorders, Severe', 'Mental Disorder, Severe', 'Severe Mental Disorder', 'Severe Mental Disorders']",Narcotic-Related Disorders +
2,Mental Disorders,"['Mental Disorder', 'Psychiatric Illness', 'Psychiatric Illnesses', 'Psychiatric Diseases', 'Psychiatric Disease', 'Mental Illness', 'Illness, Mental', 'Mental Illnesses', 'Psychiatric Disorders', 'Psychiatric Disorder', 'Behavior Disorders', 'Diagnosis, Psychiatric', 'Psychiatric Diagnosis', 'Mental Disorders, Severe', 'Mental Disorder, Severe', 'Severe Mental Disorder', 'Severe Mental Disorders']",Neonatal Abstinence Syndrome
2,Mental Disorders,"['Mental Disorder', 'Psychiatric Illness', 'Psychiatric Illnesses', 'Psychiatric Diseases', 'Psychiatric Disease', 'Mental Illness', 'Illness, Mental', 'Mental Illnesses', 'Psychiatric Disorders', 'Psychiatric Disorder', 'Behavior Disorders', 'Diagnosis, Psychiatric', 'Psychiatric Diagnosis', 'Mental Disorders, Severe', 'Mental Disorder, Severe', 'Severe Mental Disorder', 'Severe Mental Disorders']",Phencyclidine Abuse
2,Mental Disorders,"['Mental Disorder', 'Psychiatric Illness', 'Psychiatric Illnesses', 'Psychiatric Diseases', 'Psychiatric Disease', 'Mental Illness', 'Illness, Mental', 'Mental Illnesses', 'Psychiatric Disorders', 'Psychiatric Disorder', 'Behavior Disorders', 'Diagnosis, Psychiatric', 'Psychiatric Diagnosis', 'Mental Disorders, Severe', 'Mental Disorder, Severe', 'Severe Mental Disorder', 'Severe Mental Disorders']","Psychoses, Substance-Induced"
2,Mental Disorders,"['Mental Disorder', 'Psychiatric Illness', 'Psychiatric Illnesses', 'Psychiatric Diseases', 'Psychiatric Disease', 'Mental Illness', 'Illness, Mental', 'Mental Illnesses', 'Psychiatric Disorders', 'Psychiatric Disorder', 'Behavior Disorders', 'Diagnosis, Psychiatric', 'Psychiatric Diagnosis', 'Mental Disorders, Severe', 'Mental Disorder, Severe', 'Severe Mental Disorder', 'Severe Mental Disorders']","Substance Abuse, Intravenous"
2,Mental Disorders,"['Mental Disorder', 'Psychiatric Illness', 'Psychiatric Illnesses', 'Psychiatric Diseases', 'Psychiatric Disease', 'Mental Illness', 'Illness, Mental', 'Mental Illnesses', 'Psychiatric Disorders', 'Psychiatric Disorder', 'Behavior Disorders', 'Diagnosis, Psychiatric', 'Psychiatric Diagnosis', 'Mental Disorders, Severe', 'Mental Disorder, Severe', 'Severe Mental Disorder', 'Severe Mental Disorders']","Substance Abuse, Oral"
2,Mental Disorders,"['Mental Disorder', 'Psychiatric Illness', 'Psychiatric Illnesses', 'Psychiatric Diseases', 'Psychiatric Disease', 'Mental Illness', 'Illness, Mental', 'Mental Illnesses', 'Psychiatric Disorders', 'Psychiatric Disorder', 'Behavior Disorders', 'Diagnosis, Psychiatric', 'Psychiatric Diagnosis', 'Mental Disorders, Severe', 'Mental Disorder, Severe', 'Severe Mental Disorder', 'Severe Mental Disorders']",Substance Withdrawal Syndrome +
2,Mental Disorders,"['Mental Disorder', 'Psychiatric Illness', 'Psychiatric Illnesses', 'Psychiatric Diseases', 'Psychiatric Disease', 'Mental Illness', 'Illness, Mental', 'Mental Illnesses', 'Psychiatric Disorders', 'Psychiatric Disorder', 'Behavior Disorders', 'Diagnosis, Psychiatric', 'Psychiatric Diagnosis', 'Mental Disorders, Severe', 'Mental Disorder, Severe', 'Severe Mental Disorder', 'Severe Mental Disorders']",Tobacco Use Disorder
2,Mental Disorders,"['Mental Disorder', 'Psychiatric Illness', 'Psychiatric Illnesses', 'Psychiatric Diseases', 'Psychiatric Disease', 'Mental Illness', 'Illness, Mental', 'Mental Illnesses', 'Psychiatric Disorders', 'Psychiatric Disorder', 'Behavior Disorders', 'Diagnosis, Psychiatric', 'Psychiatric Diagnosis', 'Mental Disorders, Severe', 'Mental Disorder, Severe', 'Severe Mental Disorder', 'Severe Mental Disorders']",Trauma and Stressor Related Disorders
2,Mental Disorders,"['Mental Disorder', 'Psychiatric Illness', 'Psychiatric Illnesses', 'Psychiatric Diseases', 'Psychiatric Disease', 'Mental Illness', 'Illness, Mental', 'Mental Illnesses', 'Psychiatric Disorders', 'Psychiatric Disorder', 'Behavior Disorders', 'Diagnosis, Psychiatric', 'Psychiatric Diagnosis', 'Mental Disorders, Severe', 'Mental Disorder, Severe', 'Severe Mental Disorder', 'Severe Mental Disorders']",Adjustment Disorders
2,Mental Disorders,"['Mental Disorder', 'Psychiatric Illness', 'Psychiatric Illnesses', 'Psychiatric Diseases', 'Psychiatric Disease', 'Mental Illness', 'Illness, Mental', 'Mental Illnesses', 'Psychiatric Disorders', 'Psychiatric Disorder', 'Behavior Disorders', 'Diagnosis, Psychiatric', 'Psychiatric Diagnosis', 'Mental Disorders, Severe', 'Mental Disorder, Severe', 'Severe Mental Disorder', 'Severe Mental Disorders']",Prolonged Grief Disorder
2,Mental Disorders,"['Mental Disorder', 'Psychiatric Illness', 'Psychiatric Illnesses', 'Psychiatric Diseases', 'Psychiatric Disease', 'Mental Illness', 'Illness, Mental', 'Mental Illnesses', 'Psychiatric Disorders', 'Psychiatric Disorder', 'Behavior Disorders', 'Diagnosis, Psychiatric', 'Psychiatric Diagnosis', 'Mental Disorders, Severe', 'Mental Disorder, Severe', 'Severe Mental Disorder', 'Severe Mental Disorders']","Stress Disorders, Traumatic +"
